,Overall Survival (Months)
3DSPHR,-0.10682400471394388
3HBCOAHLm,0.006174134166451904
ABTArm,0.03816124709480864
ABTD,0.03314534058844065
ACACT1r,-0.004648436318873376
ACACT1rm,-0.019775003845602875
ACACT1x,-0.07072421987080865
ACOAD9m,-0.052257388808446534
ACOAO7p,-0.005710148608176128
ACOATA,0.10025161642057512
ACONT,0.020943722519198783
ACONTm,-0.02684219449077893
ADK1,-0.10359642195907483
ADK1m,-0.0036347461421971155
ADK3,0.040213335478487745
ADK3m,0.10448580563310482
ADKd,0.03495554563833575
AICART,0.06358279133529954
AKGDm,-0.03273459203813524
AKR1C41,-0.0951119705894472
AKR1C42,-0.0951119705894472
ALAR,-0.06002311434738031
ALATA_L,0.01167828304660085
ALCD1,-0.08228898763002082
ALDD21,-0.08602099727008493
ALOX52,-0.1256622288960315
AMACR2p,-0.09446606043582129
AMPDA,-0.00747888095501615
APAT2rm,0.004080136483334413
ARTPLM3,-0.06842787160847584
ASNNm,-0.04146348634982837
ASPTA,-0.1385928264278092
ASPTAm,-0.05898388201913288
BAAT1x,-0.026075160454576404
BAAT2x,-0.0811077661376519
BAAT4x,-0.0429657093870233
BDHm,-0.005914415068842383
BTNDe,-0.045907952210164936
BUP2,0.03728100258390338
C14STRr,-0.12161167087748156
C181CPT1,-0.05809091789136798
C181CPT2,-0.05809091789136798
C3STDH1Pr,-0.12161167087748156
C4STMO1r,-0.12161167087748156
CATm,-0.002126142362457992
CATp,-0.0728011600986607
CDIPTr,-0.06475097146297065
CHAT,-0.0026003247705292725
CHATn,-0.002600324770529281
CK,-0.12120731276901933
CKc,0.12120731276901933
CLS_hs,-0.12161167087748165
CSNAT2x,-0.028466566134074382
CSNATer,-0.003903430173867985
CSNATm,-0.08838522813505474
CSNATp,-0.0845421451939674
CSNATr,0.010228409272330591
CYSGLTH,-0.061840239290478695
CYSTA,-0.041685814683029856
CYTK1,0.15486757659210026
CYTK10,-0.1083290339168369
CYTK10n,0.1509381854740148
CYTK11,-0.122464375246968
CYTK11n,0.07208656089683928
CYTK12,0.13754213556306624
CYTK12n,0.09010261654751382
CYTK13,-0.07007682088781284
CYTK13n,-0.1443476359940959
CYTK14,-0.10100307132079156
CYTK14n,0.13018746576809198
CYTK1n,0.130187465748849
CYTK2,0.1442487631877936
CYTK2n,0.10527458122339241
CYTK3,0.02474671265801006
CYTK3n,0.0720865608994808
CYTK4,-0.05256319773382048
CYTK4n,0.07208656089701189
CYTK5,-0.08728323565870828
CYTK5n,0.1509381854738759
CYTK6,-0.019834834027534123
CYTK6n,0.15093818547712937
CYTK7,-0.057593706907768646
CYTK7n,0.11723823170364085
CYTK8,0.030156178170195943
CYTK8n,-0.1513373994954663
CYTK9,0.11450377570037741
CYTK9n,0.03868739083809991
D3AIBTm,0.034468140283073566
DAGK_hs,0.13323392354818972
DCK1n,0.03119571475301998
DCK2n,-0.03295808712685988
DCMPDA,-0.11359129160048695
DESAT18_4,-0.09664612351908615
DESAT18_5,-0.09664612352694299
DESAT18_6,-0.0021063845937818104
DHCR241r,0.035881905310898576
DHCR242r,0.04703981899755911
DHCR243r,0.004941643773277423
DHCR71r,-0.010723647426228269
DHCR72r,-0.10322703097535142
DHCRD1,-0.11883972820467284
DHFR,-0.10837100583073589
DHORTS,0.11707496448061713
DHPM2,0.03728100258390338
DMATT,-0.1268555599443529
DMATTx,-0.09898964151966867
DMNONCOACRNCPT1,0.028466566134074382
DPMVDx,-0.07072985815216064
DRPA,-0.08528574585594648
DSAT,-0.12161167087748163
DURAD2,-0.07462394049348137
DURIPP,-0.1274187959592484
EBP1r,-0.11185639758840052
EBP2r,-0.1278290750435211
ECOAH12m,0.006174134166451904
ENO,-0.09022206571504218
ETF,0.003579822948808485
ETFQO,0.003579822948808485
FA120ACPH,0.10025161642057512
FA140ACPH,0.04939886441637587
FA160ACPH,0.009618448448769865
FA161ACPH,-0.038087299079589645
FACOAL161,-0.09512046495083006
FACOAL1812,0.09664612351908615
FACOAL1813,0.09664612352694299
FACOAL1821,0.025123359175363482
FACOAL1831,-0.043863967346150085
FACOAL205,-0.0539185624500442
FACOAL226,0.06479842073645593
FAOXC180x,-0.005710148608176128
FAOXC200180x,-0.005710148608176128
FAS100COA,-0.06425764106017427
FAS120COA,-0.06425764106017427
FAS140COA,-0.06425764106017427
FAS160COA,-0.06425764106017427
FAS80COA_L,-0.0642576410601743
FOLR2,-0.11848812139932974
FUM,0.0952318586926729
FUMm,-0.05273181468524331
G3PD1,0.0322515752317215
G6PDH1rer,0.09438669128388119
G6PDH2rer,-0.10846022182333533
GACMTRc,0.09495684168876309
GALT,0.10882715778171116
GALU,0.04693353583477676
GAPD,-0.11994808453745331
GCC2cm,0.019134872928121816
GGNG,0.08053903613131502
GGT6,-0.07105142450558886
GHMT2r,-0.11418498060233702
GLBRAN,0.08053903613131502
GLDBRAN,0.0805390361313146
GLGNS1,0.08053903613131502
GLPASE1,0.08053903613131502
GLPASE2,0.08053903613131502
GLUDxm,0.01986946919448184
GLUDym,-0.007139234751125836
GLUNm,0.04322011481487149
GLYAMDTRc,0.09495684168876309
GNMT,-0.01785159319646529
GRTT,-0.1268555599443529
GRTTx,-0.09898964151966867
GULNDer,-0.07885108731699496
H2CO3D,-0.07923979662011459
H2CO3Dm,-0.11511729731533907
HIBDm,0.0061741341664520045
HMGCOASi,-0.015285959994039632
HMGCOASim,0.03082480334424609
HPYRRy,-0.12468757139021144
HSD11B1r,0.10435623858883955
HSD11B2r,-0.10435623858883955
HSD17B42x,-0.09446606043582129
HSD17B4x,-0.10506049400614381
HSD3A1r,-0.10435623858883955
HSD3A2r,0.10435623858883955
HSD3B7P,-0.10435623858883955
ICDHyrm,0.03311641550078424
ILETA,0.02690022511361433
ILETAm,-0.02972081498067395
IMPC,-0.06358279133529954
IPDDIx,-0.09898964151966867
ITCOAL1m,0.1244393204942579
ITCOALm,-0.1244393204942579
LDH_D,-0.0020731854601410186
LDH_L,-0.06012472521902326
LDH_Lm,-0.06514069873590606
LEUTA,0.03226898931082068
LEUTAm,-0.0317450884406827
LNELDCCPT1,-0.0021063845937818104
LNSTLSr,-0.12161167087748156
LPS2e,-0.06912637163374954
LSTO1r,-0.010723647426228269
LSTO2r,-0.10322703097535142
LTC4CP,0.13065446556640203
LTD4DP,0.13056910284591666
MCCCrm,0.010555333921475047
MCD,-0.060832668100103446
MCOATA,0.08940500477139351
MDH,0.10937253445340382
MDHm,-0.12441666431824229
MECOALm,-0.12443932049425788
MECOAS1m,0.12443932049425788
MEVK1x,-0.07072985815216064
MGCHrm,0.010555333921475047
MMEm,-0.03228136036791253
MMMm,0.034942302392808225
MMTSADm,0.03581035533458673
MTHFC,-0.007334263882508589
MTHFCm,0.07779168281305424
MTHFD,-0.05048438539703925
MTHFD2,0.04126372032240092
MTHFD2m,0.08427592106276385
MTHFDm,0.06842665605108689
NDPK1,0.01934038927558418
NDPK10,0.15112937752631844
NDPK10n,-0.15112937752631844
NDPK1m,-0.12443932049425771
NDPK1n,0.12150355573647491
NDPK2,0.13280110783554808
NDPK2n,0.09483800978861802
NDPK3,0.1540490143804459
NDPK3n,0.12150355573575293
NDPK4,0.15408903084753625
NDPK4n,0.15247178040150888
NDPK5,0.15355962837857584
NDPK5n,0.12150355573636598
NDPK6,0.018117735716193146
NDPK7,0.06174152341837454
NDPK7n,0.07620742098018958
NDPK8,0.14041945021107521
NDPK8m,-0.03852467802539916
NDPK8n,0.15203461734816512
NDPK9,0.13383181281790307
NDPK9n,-0.07302346556345708
OIVD2m,0.006910405419096625
ORNTArm,0.008499457070281975
P45027A12m,-0.08518833296181352
PCHOLP_hs,-0.13892622011770858
PCHOLPg_hs,-0.14111121175638205
PCHOLPr_hs,-0.09847638406451589
PEPCKm,-0.15197293044691895
PETOHMr_hs,-0.09264941100490715
PGDI,-0.11443224428260959
PGI,0.08616003216439513
PGK,0.11894931743394417
PGM,0.07275453554858143
PGMT,0.07298797791978656
PMEVKx,-0.07072985815216064
PPCDC,-0.05765751745044942
PPM,-0.12689416819465482
PRPNCOAHYDm,-0.004080136483334413
PSSA1_hs,0.13974745015368248
PUNP1,-0.12145647828016361
PUNP2,-0.06692865614319615
PUNP3,-0.1399981819587814
PUNP4,-0.011916013173670196
PUNP5,-0.1352994179492228
PUNP6,-0.053677487843283564
PUNP7,0.021162372398211674
PYK,-0.16210194427758648
PYNP2r,-0.08727688487197456
RDH1,0.09561956665052347
RDH1a,-0.09435926875625608
RDH2,0.09476426056724754
RDH2a,-0.09539835875678099
RDH3,0.09476426056725232
RDH3a,-0.0953983587567859
RNDR1,-0.10902577548257511
RNDR4,-0.12153839154387461
RPE,-0.10564321383742101
RPI,-0.10106326170432246
SACCD4m,-0.08518833296181352
SARDHm,-0.03788140179895964
SBTD_D2,0.053142421200873195
SBTR,0.06536893877268979
SCP2x,-0.09446606043582129
SERPT,-0.10682400471394388
SMS,-0.12161167087748163
SQLEr,-0.12161167087748156
SQLSr,-0.12161167087748162
SUCD1m,0.040475954983628847
SUCOAS1m,-0.013953909875079601
SUCOASm,-0.026642696748698725
TALA,-0.06863699265560685
TKT1,-0.10536326782782178
TKT2,-0.1053632678278218
TMDK1m,-0.1954962480437298
TMDPP,-0.04268332454956126
TPI,0.018603396968082556
TYRTA,-0.023585445213538635
UGLT,0.1060757675478752
UMPK,0.13841717745669024
UMPK2,-0.09055554585413057
UMPK2n,0.15093818545165366
UMPK3,-0.101336657394173
UMPK3n,0.11723823168452786
UMPK4,-0.048916678950146356
UMPK4n,0.1509381854484526
UMPK5,-0.059899224206888764
UMPK5n,-0.1513373994991896
UMPK6,0.11573471416866184
UMPK6n,0.03868739082449081
UMPK7,-0.11925013975579433
UMPK7n,0.15093818544872104
UMPKn,0.13018746574214074
VACCCPT1,-0.06656690781782669
VACCCPT2,-0.06656690781782669
VALTA,0.029715543383883648
VALTAm,-0.03468062570801082
XYLUR,0.09511858475316719
r0010,-0.06723539582028788
r0021,-0.014286027385909571
r0027,-0.11070770013799099
r0051,0.13056910517324466
r0055,0.15243855883147706
r0074,0.03424313034904616
r0081,0.060831329686899305
r0086,0.028218023787864362
r0129,0.09857782375792612
r0130,-0.09675844713493698
r0139,0.06403085544854216
r0149,0.06403085544854215
r0153,-0.15001800728298526
r0157,0.028218023787864362
r0160,-0.12471705438525782
r0163,-0.004221264073161668
r0165,-0.0686009769414379
r0170,-0.12161167087748154
r0173,0.09100593023877243
r0178,0.03999536035877874
r0181,0.0714586332059425
r0193,0.07768875894745589
r0224,-0.11212165189253002
r0226,-0.0006011075846751541
r0242,0.07709631623277176
r0245,0.04886937375189356
r0249,-0.09599524765238364
r0267,-0.09515407382074802
r0268,0.09506874730651589
r0280,-0.14412970379762374
r0295,-0.08014778707540614
r0317,-0.10853383768359932
r0321,-0.010952163306321282
r0330,-0.05059916761483985
r0331,0.07381394419731488
r0345,0.09689881852580494
r0365,-0.004080136483334413
r0380,0.07305082890396267
r0384,0.035465297859589656
r0390,-0.05586575010921972
r0392,0.04996527735432641
r0394,-0.027884820624684743
r0407,-0.009209822139404938
r0408,0.04767094332173292
r0409,-0.08552979569545553
r0410,0.0036249449052201533
r0413,-0.07522572782656015
r0423,-0.08518833296181352
r0425,0.08518833296181352
r0426,-0.08527060319209605
r0431,-0.03866029394350064
r0438,0.0021063845937818104
r0444,0.07879668289057981
r0445,0.04375422878310409
r0446,-0.05809091789136804
r0463,0.07072421987080865
r0464,-0.08518833296181352
r0472,0.008864998221269179
r0474,-0.09494868285202947
r0475,-0.08704979891806619
r0483,0.05744671282155179
r0494,0.06403085544854219
r0497,0.06403085544854216
r0510,-0.09664612352301465
r0511,0.09664612352301465
r0512,0.1134995426611182
r0514,0.031612053956603006
r0525,0.08518833296181352
r0531,0.10038986327039749
r0549,0.08518833296181352
r0552,0.0951119705894472
r0553,-0.0951119705894472
r0556,-0.019400470610351456
r0560,0.021556065270674094
r0570,-0.08528574585594648
r0571,-0.037511689918209766
r0575,-0.12161167087748154
r0578,0.058330758425118416
r0579,-0.037291251290742226
r0580,-0.043403238861406644
r0587,0.07709631623277176
r0595,-0.05209647484405029
r0596,-0.004080136483334413
r0610,-0.15102935914629223
r0611,0.15102935914629223
r0614,0.037291251290742226
r0615,0.0951119705894472
r0616,0.08518833296181352
r0617,-0.0951119705894472
r0618,-0.08518833296181352
r0620,-0.004221264073161668
r0627,0.13492884364144087
r0629,0.06733662386565822
r0630,-0.03225208400872869
r0637,-0.06829932659871076
r0641,0.07043377934056425
r0643,0.03751168991820971
r0648,0.10098971956014421
r0649,0.11604639906684927
r0669,0.006174134166451904
r0678,0.10025161642057512
r0679,-0.05765751745044942
r0680,0.037291251290742226
r0681,0.10025161642057512
r0682,-0.10025161642057512
r0683,0.00113164720834651
r0688,0.0951119705894472
r0691,-0.10025161642057512
r0692,-0.10025161642057512
r0693,0.10025161642057512
r0694,-0.10025161642057512
r0695,0.10025161642057512
r0696,0.04939886441637587
r0697,-0.04939886441637587
r0698,-0.09446606043582129
r0707,0.053731054179143097
r0712,-0.10025161642057512
r0737,-0.041850493722754074
r0747,-0.0951119705894472
r0750,-0.0951119705894472
r0752,0.08518833296181352
r0753,-0.08518833296181352
r0754,0.08518833296181352
r0755,-0.08518833296181352
r0756,0.08518833296181352
r0757,-0.08518833296181352
r0760,0.10025161642057512
r0761,-0.10025161642057512
r0762,0.10025161642057512
r0763,-0.10025161642057512
r0764,0.10025161642057512
r0765,-0.10025161642057512
r0766,0.10025161642057512
r0767,-0.10025161642057512
r0768,0.10025161642057512
r0769,-0.10025161642057512
r0770,0.10025161642057512
r0772,-0.04939886441637587
r0773,-0.009618448448769865
r0774,0.06728611991339324
r0779,0.006174134166451904
r0781,-0.12161167087748156
r0783,0.05408816924530047
r0784,0.09119402658955747
r0792,0.12385660379326131
r0795,-0.05209647484405029
r0797,0.0662497498077727
r1109,-0.06067792665822411
r1135,-0.12161167087748156
r1146,-0.12161167087748156
r1156,0.06428337104273577
r1380,-0.05693122704098546
r1384,0.021162372398211674
r1391,0.08053903613131558
r1392,0.08053903613131558
r1411,0.13193165845558982
r1418,-0.11142088896346361
r1472,-0.05809091789136804
r1474,-0.05809091789136804
r1477,-0.05809091789136804
r1481,-0.05809091789136804
r1487,0.07879668289057981
r1488,0.08205301255434423
RE0452M,0.003650624888920242
RE0453C,-0.029699811189145494
RE0453M,0.05029036982761157
RE0453N,0.1518530086748518
RE0579C,-0.008801522467839619
RE0702E,-0.015965187139746873
RE0915E,-0.04185049372275412
RE0926E,-0.041850493722754026
RE0935E,-0.041850493722754005
RE0944E,-0.041850493722754054
RE0958E,-0.041850493722754074
RE1050E,0.036498709614114486
RE1530C,0.13009909850705617
RE1691M,-0.05209647484405029
RE1796R,0.10435623858883955
RE1807C,-0.0951119705894472
RE1845C,-0.021040078568472956
BAAT5x,-0.07859370975906951
RE1860E,-0.012923250503946885
RE2069C,-0.13077510778350748
RE2273E,-0.047372233449000906
RE2513E,-0.03772056675554782
RE2514E,0.01570302150003859
RE2625M,0.08518833296181352
RE2626C,-0.0951119705894472
RE2626M,-0.08518833296181352
RE2637C,-0.032837727790595926
RE2638C,0.06916308974462049
RE2649C,0.05920282843959325
RE2799C,-0.11443224428261055
RE2888E,-0.018183449015299415
RE2954C,-0.16127973427973644
RE3076X,0.08602099727008493
RE3245C,0.05941164168825093
RE3248X,0.10506049400614381
RE3250X,0.10506049400614381
RE3273C,-0.04383412474805849
RE3301C,-0.12151169606334442
RE3346C,-0.0951119705894472
RE3346M,-0.08518833296181352
RE3347C,-0.005571395708686017
RE3556C,-0.1311602939645358
RE3565C,-0.13116029396453582
RE3566C,0.10414787274393383
RE3567C,0.12957140692008975
RE3568C,-0.1311602939645357
C80CPT1,0.06829932659871076
FAOXC22C20x,0.008801522467839619
FAOXC24C22x,0.008801522467839619
FAOXC5C5OHm,-0.010555333921475047
FAOXC5OHc,-0.010555333921475047
OCD11COACPT1,0.06656690781782669
OCD11CRNCPT2,0.06656690781782669
OCTDECCPT1,-0.05809091789136798
OCTDECCPT2,-0.05809091789136798
DPMVDc,-0.1281704974651155
DTMPKm,-0.04128627776713885
FADH2ETC,0.0035798229488085685
HMGCOARc,-0.12161167087748158
IPDDI,-0.1268555599443529
MEVK1c,-0.1281704974651155
MTHFR3,-0.10051966136160521
PMEVKc,-0.1281704974651155
PTPATe,0.07210773433250023
SFCYSc,-0.12808758396024944
10FTHFtm,-0.07779168281305424
2HBt2,0.11050828839768344
2HCO3_NAt,-0.02083562029708439
3MOBt2im,0.03027154353972326
3MOPt2im,0.02972081498067395
4ABUTtm,0.03816124709480864
4MOPt2im,0.0317450884406827
5MTHFt2,0.1294139194783221
ABTti,-0.04680638157214458
ABUTt2r,0.058962285390646865
ABUTt4_2_r,0.019982083943296685
ACACt2,0.10187286246308463
ACACt2m,0.07216549543575489
ACALDt,0.10713137063282278
ACCOAtn,-0.002600324770529281
ACCOAtr,-0.003903430173867985
ACHtn,-0.002600324770529281
ACRNtm,-0.049992354791287906
ACt2m,0.12409839260805759
ACt2r,0.10865412891457384
ADEt,0.13794291034178932
ADNt,-0.11200287343675398
ADNt4,-0.12676091594611824
ADPtx,0.07072985815215856
ADRNt,-0.05819711818015002
AHCYStr,0.06335743461825573
AKGMALtm,0.008221917090035738
AKGt4_3,0.01103077993279501
ALACYSNaEx,-0.03175669979267228
ALADGLNexR,0.021224086056324337
ALADGLYexR,0.002429540330860892
ALAGLNexR,0.044822269949896125
ALAGLYexR,0.01186566757119097
ALAt2r,0.05051171745304181
ALAt4,-0.07351675210950395
ALAtN1,-0.06753913009305633
AMETr,-0.06335743461908579
AMPtp,-0.07072985815218086
ARACHDt2,0.05417570213643962
ARACHDtr,0.0786629782728719
ARGt4,-0.053626678419238766
ARGtiDF,-0.10248415365168526
ARGtm,-0.019076942163535386
ARTFR12,-0.08362868023864203
ASCBt,-0.03327810580803469
ASNALANaEx,-0.06800334371508851
ASNCYSNaEx,-0.025461824667984263
ASNt4,-0.10627179608081931
ASNtm,-0.04146348634982837
ASNtN1,-0.0748864291723427
ATP2ter,0.07580779739166266
ATPS4m,0.009223014952405743
ATPtm,0.05033180866738279
ATPtx,-0.07072985815218087
BALAtmr,0.004080136483334413
BHBt,0.09898220012148434
BHBtm,-0.005914415068842383
BILDGLCURt,0.07600643593362293
BILGLCURt,0.008178372622420004
BILIRUBt2,0.09062026984999412
BILIRUBtr,0.0682120423696092
BTNt2,0.07435758641007525
BTNt4i,-0.07904927680463966
BUTt2r,0.1129446137410697
C226COAtx,0.06479842073645593
CAt7r,-0.03941252624711649
CGLYt3_2_,-0.09857782375792612
CHOLATEt,0.07519140235057072
CHOLt4,0.11448122609147347
CHOLtg,-0.14111121175638205
CHOLtn,-0.002600324770529281
CHOLtr,-0.09847638406451589
CHOLtu,0.11116916860378126
CHSTEROLt2,-0.12161167087748168
CHSTEROLt3,0.12161167087748168
CITRtm,-0.02612909099292737
CITt4_2,-0.11450908084717024
CITtam,0.09080209275006476
CITtbm,-0.12935584609284467
CO2t,0.007584648838444125
CO2ter,0.08415893111093083
CO2tm,0.03538256333059549
CO2tp,0.015587332863660552
COAtm,0.01549050741559897
COAtn,0.002600324770529281
COAtp,-0.06829932659871078
COAtr,-0.022198359231018722
CREATt4_2_r,-0.06718632761664543
CREATtmdiffir,-0.12120731276901933
CRNCARtp,-0.08487985795912793
CRNt,-0.05478773783796276
CRNtim,-0.06656690781782651
CRNtuNa,-0.04812872249863675
CRNtx,-0.028466566134092246
CRVNCtr,0.03520914817702008
CYANt,-0.041685814683029856
CYANtm,-0.05209647484405029
CYOR_u10m,0.00015184086437580792
CYSGLUexR,0.031796004627494094
CYSGLYexR,-0.011797622977883128
CYStec,-0.10132496551810327
CYTDt,0.08785189088948439
DADNt4,0.058445593878788116
DAGt,0.13421276386553635
DALAt2r,0.06783677092051488
DATPtn,0.004268323178440111
DCTPtn,-0.060632290675548095
DGCHOLte,-0.027727612244030815
DGCHOLtx,-0.0429657093870233
DGSNt,-0.0011573104775164506
DGTPtn,-0.12161167087739445
DHEASt,0.07205139915300404
DHFtm,-0.0009089303234685235
DHORD9,-0.11707496448061713
DIDPtn,-0.15112937752631844
DINt,-0.05166317024181187
DITPtn,0.15112937752631844
D_LACt2,-0.0020731854601410186
DMNONCRNt,0.028466566134092246
DNDPt9m,-0.05106153675683043
DOPAt4_2_r,0.031209851813566652
DOPAtu,-0.009946648541904224
DTDPtn,0.15225073956783763
DTTPtn,-0.152759902551984
DURIt,0.10531880364709564
ELAIDCRNt,-0.05809091789136798
ELAIDt,0.09664612352694299
ESTRONESt,0.06784118909595648
FADH2tru,0.040070897504770144
FADtru,0.04007089750476365
FATP1t,0.011841273506865105
FATP2t,0.05708001381155063
FATP5t,-0.08436219763375406
FATP6t,0.0073708719362257915
FATP7t,-0.08792142362676446
FATP8t,-0.05622683660103632
FATP9t,0.04433244789588873
FOLt2,0.03464370598347961
FORtr,0.12161167087748156
FRDPtc,0.12419504463072627
FRDPtr,-0.11737412249977752
FRUt1r,-0.07071802314854625
FRUt4,-0.05720334696607728
FUMSO3tm,-0.06713122988822402
FUMSO4tm,-0.05916584173574896
FUMtm,-0.04471942241723724
FUMTSULtm,-0.007708379585648143
GALt1r,0.15114781130745206
GALt2_2,0.1568553351681843
GALt4,0.15066395060558005
GCHOLAt,0.057189226600944464
GCHOLAte,0.02739611494994166
GCHOLAtx,-0.026075160454576404
GGLUCT,0.018799639451131236
GLCMter,0.0691936147381775
GLCt2_2,-0.009032969857092454
GLCt4,-0.06782940031632666
GLCter,0.0691936147381775
GLNALANaEx,-0.020836108115534
GLNASNNaEx,-0.01481650880533139
GLNCYSNaEx,-0.002278295585684306
GLNSERNaEx,-0.028886440954074513
GLNt4,-0.10062894828629976
GLNTHRNaEx,-0.012563950826135286
GLNtm,0.03950631001296637
GLNtN1,-0.07423822841414386
GLUt2m,-0.0166869117105838
GLUt6,-0.09927391732075239
GLYBt4_2_r,-0.006330612638081304
GLYt2r,0.04997283166736725
GLYt4,-0.06530130392084788
GLYt7_211_r,0.02021585333257765
GLYtm,0.07681370266404618
GLYtp,-0.030255755578550033
GSNt,-0.11411245436749112
GUAt,0.11586693200032254
H2O2t,
H2O2tp,0.06671935715952915
H2Ot,0.020038739244853148
H2Oter,-0.09765065422080144
H2Otg,-0.14111121175638205
H2Otm,0.048026252610295
H2Otp,-0.05791125140899289
HCO3_CLt,-0.06077306268548367
HDCAter,-0.0786629782728719
HDCEAtr,0.07644166213871358
HDD2COAtx,0.005710148608176128
HISt4,-0.03590990393655548
HISTAtu,0.08476065648036456
HIStiDF,-0.1142371711483645
HIStN1,-0.059111961317901696
HMGCOAtm,-0.04117497647738313
HMGCOAtx,0.07072421987080865
HOMt4,-0.07889966181692892
Htg,-0.14111121175638192
Htr,0.07624411052448196
Htx,0.0011540078261847858
HYXNt,0.07787523581328634
IDPtn,-0.07302346556345705
ILEt5m,-0.02972081498067395
ILEtec,-0.10350118050676733
INSt,-0.12883790994469124
INSTt2r,0.05254514698034064
INSTt4,-0.05846826926561139
IPDPtx,0.03818070278980741
It,-0.028395732391388914
ITPtn,0.07302346556345672
KCC2t,-0.0058566816435696315
KCCt,-0.05977371965355645
LEUKTRA4t,0.12595228671389566
LEUKTRB4t,0.08476065648036463
LEUKTRC4t,0.11117765343633951
LEUKTRD4t,0.12676127557965175
LEUKTRE4t,-0.10919951032479344
LEUKTRF4t,-0.1082477157031045
LEUt5m,-0.0317450884406827
LEUtec,-0.10446383219521965
LGNCCOAtx,0.008801522467839619
L_LACt2r,0.11367897799902374
L_LACt4r,0.03073030021730609
L_LACtm,-0.04018191647940963
LNLCt,0.024535628073612377
LNLNCGt,-0.049989649520648084
LYSt4,-0.08438289348313582
LYStiDF,-0.11186578741361917
LYStm,-0.01907694216353545
MALSO3tm,-0.057365319477074087
MALSO4tm,-0.03938617283756006
MALtm,-0.040369653401576014
MALTSULtm,0.049827002293419784
MANt1r,-0.026279941908774487
MANt4,0.026279941908774487
MEOHt2,-0.08154951324315683
METtec,-0.09444313303275753
MTHGXLt,-0.15243855883147706
NADHtru,-0.09856940730625677
NADPHtru,-0.0676379814165063
NADPtru,-0.06763798141652608
NADtru,-0.09856940730625667
NAHCO3_HCLt,-0.06428280566782645
NAIt,0.02414465340954729
NAt,0.026279941908774484
NAt3_1,0.061682986486125094
NAt5,-0.021433578393326477
NAtx,0.08008774097690917
NCKt,-0.03329689032396241
NCNt,-0.009934731401274108
NH4t3r,0.05847235906594101
NKCC2t,0.012132294735640979
NKCCt,0.0533628005086063
NRPPHRt4_2_r,0.05262942679406915
NRPPHRtu,0.03520074033613574
NRVNCt,-0.04562399062553943
O2t,
O2ter,-0.12161167087748172
O2tm,0.003345744537190143
O2tp,0.059906813772397975
OCCOAtx,-0.06829932659871076
OCDCEAtr,-0.06049793664002553
ORNt3m,-0.04265212784908944
ORNt4m,-0.003425220453342324
ORNtiDF,-0.10101648711837813
OXAHCOtex,-0.13472167669874172
PA_HSter,0.09847638406451589
PA_HStg,0.14111121175638205
PCHOL_HSter,0.09945495599987865
PCHOL_HStg,-0.14111121175638205
PCREATtmdiffir,-0.12120731276901933
PE_HSter,-0.09577444613296442
PEt,-0.1092425768732111
PGLYCt,-0.12161167087748173
PHEt4,-0.09878580904765281
PHEtec,-0.0938542907401448
PIt2m,-0.0423210816094717
PIt7,0.05117250128055651
PIter,-0.00745470913008058
PItx,0.07072985815216064
PPAt,0.009948721836225893
PPItr,-0.057850381269438075
PPItx,0.09898964151966859
PRISTANALtx,-0.08602099727008493
PRISTtx,0.08602099727008493
PRODt2r,0.07910164998406417
PROSTGD2t,0.09281755003004567
PROSTGE1t,-0.13935152679926405
PROSTGE2t,-0.13888830065261668
PROSTGE2t2,-0.12601929313205945
PROSTGF2t,-0.08645982113368957
PROSTGH2t,0.1006341222284611
PROSTGI2t,0.07523881803769421
PROt2r,0.025716027439463985
PROtm,0.050483926054667144
PSt3,-0.13541116443945098
PYRt2m,0.058733673249342866
PYRt2p,-0.09100593023877243
PYRt2r,0.122841790756372
RETNt,-0.022178194891357094
SARCStm,-0.03788140179895964
SCP22x,-0.028466566134074382
SERCYSNaEx,-0.026783242594947538
SERDGLNexR,0.030497877265347292
SERDGLYexR,-0.030497877265347292
SERGLNexR,0.08303409147169698
SERGLYexR,0.0738322554051238
SERt4,-0.03028296262299067
SERtN1,-0.05858824446576939
SO4CLtex2,-0.11958439182530062
SO4HCOtex,-0.14878950413294195
SO4OXAtex2,-0.13472167669874333
SO4t4_2,-0.07727761369645096
SRTNt6_2_r,0.09283874362978288
SRTNtu,-0.075127267902331
SUCCt2m,-0.02811200557889257
SUCCt4_2,-0.06370065030926542
TAURt4_2_r,0.05648807153516799
TAURtcx,-0.08008774097690917
TCHOLAt,0.0772741008142793
TCHOLAte,0.07318746322549384
TCHOLAtx,-0.0811077661376519
TCYNTt,-0.041685814683029856
TCYNTtm,-0.05209647484405029
TDCHOLAte,0.07944198811818748
TDCHOLAtx,-0.07859370975906951
THD1m,-0.02308385032756259
THFt2,0.05056200031728713
THFtm,0.07944443479562291
THMDt4,-0.05647657092542326
THRCYSNaEx,-0.021474873331590805
THRGLNexR,0.007854536559715717
THRGLYexR,-0.05449723733911691
THRt4,-0.10056195540560256
THYMDt1,-0.05242811570201357
THYMDtm,-0.1954962480437298
THYMt,0.07481298678428179
THYOXt,0.07586168094529072
THYOXt2,0.07141137861491943
TMNDNCt,-0.0539185624500442
TRIODTHYt,0.0757119988326523
TRIODTHYt2,0.07115496909719263
TRPt,-0.0945913654226722
TRPt4,-0.07756130607595613
TSULt4_3,-0.05209647484405029
TTDCAtr,-0.04939886441637587
TYRt,-0.09792934219726142
TYRt4,-0.08779910770383398
URAt,0.1537125352843166
UREAt,0.11722515549900366
UREAt5,-0.11722515549900366
URIt,-0.0949823412964037
VACCt,0.09664612351908615
VALt5m,-0.03468062570801082
VALtec,-0.10018785211409661
XYLTt,-0.026548288668712238
r0002,0.0786629782728719
r0801,-0.004263590396273153
r0809,-0.12329830614271095
r0812,-0.07072985815218086
r0817,0.1142588034494471
r0819,-0.042416568481492146
r0821,-0.07836985783115988
r0822,-0.03215395105448315
r0829,0.06409809186351574
r0830,0.056380646489449515
r0834,-0.023135300442519702
r0835,0.026922800847253202
r0836,0.01950539742491244
r0838,-0.04446918070668171
r0839,-0.07508518330860114
r0840,-0.09599524765238364
r0841,0.09674044923900009
r0860,0.07072985815216182
r0879,-0.004288173069012595
r0885,-0.02176740576222109
r0892,
r0899,0.002494603648267368
r0911,-0.04227376820010847
r0913,-0.06955116151732953
r0915,0.08304566750366572
r0917,0.10599576594851153
r0921,0.07381394419731488
r0934,-0.08008774097690932
r0940,0.1282901118793162
r0941,0.14040349673640504
r0942,0.09784543482869001
r0946,-0.03601421942309824
r0947,-0.026313797778098766
r0954,-0.07072985815216064
r0960,0.07639310053398776
r0962,0.031612053956603006
r0963,-0.09052568382031184
r0973,0.037291251290742226
r0975,0.07381394419731488
r0990,0.06653969014130652
r0992,0.0757995402132643
r0995,-0.003903430173867985
r0997,-0.06829932659871076
r1000,0.07879668289057981
r1001,-0.05809091789136804
r1002,0.0021063845937818104
r1010,0.037291251290742226
r1019,0.0661510492988369
r1027,-0.0757995402132643
r1043,-0.04157005239157895
r1045,-0.0723235139557448
r1051,0.12161167087748163
r1052,-0.12161167087748168
r1088,-0.0896686539691331
r1116,0.05826561028414729
r1143,-0.0997905210297298
r1144,-0.11625660096147064
r1147,-0.05658271938767572
r1155,-0.004914695325874998
r1291,0.0035345869710975515
r1318,0.0030294563762911426
r1400,-0.08478696523203513
r1421,0.08154951324315675
r1423,
r1454,-0.004914695325874998
r1455,-0.004914695325874998
r1456,-0.004914695325874998
r1464,0.014459426115607143
r1493,-0.08505275036277195
r1499,0.06697888288178103
r1500,0.04589368470263151
r1544,0.0304978772653473
r1546,0.034884616127852
r1547,0.010981332927436006
r1548,0.0530534211210417
r1549,0.04809554948598363
r1551,0.09913414171921138
r1552,0.08891833196417935
r1553,0.0401632920383851
r1554,0.06292546360804159
r1556,0.013078119231388841
r1557,0.06325730127533064
r1559,-0.07643364026565998
r1560,0.08145181322308083
r1561,0.034859397641897306
r1562,0.10965870907451772
r1563,0.09873251430439957
r1564,0.0014119853918275918
r1565,0.1178960333817121
r1566,0.11507518459282311
r1567,0.06072000158939678
r1568,0.11500365693159563
r1569,0.10679887261769519
r1570,0.04097363432244195
r1571,0.06421538489612248
r1573,-0.02523600613894521
r1574,-0.03339148639232722
r1575,-0.011126173335042866
r1576,-0.018288892388607512
r1578,0.003896240326919585
r1579,0.08761914839522679
r1580,0.006481574708904246
r1581,-0.005253056268706682
r1583,-0.033714348439489825
r1584,-0.012948799556704445
r1585,0.11960072486608794
r1586,0.10535949943648719
r1587,0.1277038479316038
r1588,0.11457736372573643
r1589,0.07606271942186756
r1590,0.12484792984900195
r1591,0.1297928653807845
r1592,0.10661562746556999
r1593,0.11556520275828341
r1594,0.12714446281420944
r1595,0.10681395867704162
r1596,0.1030350731167095
r1597,-0.08208346527098134
r1598,0.07888328551009496
r1599,0.025268762484874755
r1600,-0.04094455807533221
r1602,0.09960447036982346
r1603,0.03921090599752339
r1604,0.056694147921074634
r1605,0.07549641934868677
r1606,-0.09550362305750544
r1607,0.01720124827666325
r1608,0.0806313719525666
r1609,0.08385389970708813
r1610,-0.02345893409889291
r1611,0.10185963283207891
r1612,0.0982914515468054
r1613,0.04950275535953698
r1614,0.08061120724920734
r1615,0.07820334802511951
r1616,0.02209253182904928
r1617,0.05240624863923378
r1621,0.10171476762996876
r1625,-0.08608267165681209
r1627,-0.05285901826089307
r1628,0.09531825942724899
r1629,0.08844999307824476
r1630,0.02820596184779677
r1631,0.054724404616495796
r1632,0.04010658192806501
r1633,-0.07769360766081744
r1634,0.00919102201238888
r1635,0.08868577306858912
r1636,0.0823935315068344
r1637,0.043577627480615
r1638,0.06279541380978745
r1639,0.05339381696375515
r1640,0.023991014137852165
r1641,0.06854924417022663
r1642,0.06089480529521476
r1643,-0.0012366588031281192
r1645,-0.0237389282278912
r1646,-0.0970137478423189
r1648,-0.07679126163830219
r1649,-0.07581108025712685
r1650,-0.10472401640011338
r1651,-0.10075647290252401
r1652,-0.07073342315311931
r1653,-0.010996723762537639
r1654,-0.01607439819712131
r1655,-0.05054265348050177
r1656,-0.01938463905309987
r1657,-0.001315787240552169
r1658,-0.08030344447773194
r1659,-0.02814500405285075
r1660,-0.08326884738850288
r1661,-0.01895995453581603
r1662,0.04558522569515369
r1664,-0.03681850040615068
r1665,-0.08925315865626451
r1666,-0.07797014826963543
r1667,0.00684978709094442
r1668,-0.04556434483190499
r1669,-0.03239472222483295
r1670,-0.039633798733190256
r1671,0.03675710871816083
r1687,-0.021619606081046138
r1702,-0.009332508806646067
r1705,0.01567029112426845
r1706,-0.01088902636323807
r1707,0.00021673913404471844
r1708,0.000577877539923955
r1710,0.007409193001721738
r1713,-0.00818015405944557
r1715,-0.012174253857860532
r1716,0.006630808082443035
r1717,-0.0368205393626365
r1732,-0.028645695819301823
r1739,-0.041496990731838886
r1747,-0.04562964305517977
r1762,-0.017353385741460798
r1769,-0.032463509877807196
r1776,-0.036467335723185
r1777,-0.04514429819025911
r1784,-0.0320911226444894
r1807,-0.05697025312940444
r1822,-0.038010567901814
r1823,-0.05759125961135229
r1825,-0.061110155549916514
r1826,-0.02229100415059406
r1827,-0.05071975375954912
r1828,-0.04625640149785318
r1829,-0.04415561855478308
r1830,-0.04497671437474803
r1831,-0.039622074926986016
r1832,-0.03476512054632338
r1833,-0.038633896448699516
r1834,-0.04167062281509725
r1835,-0.04916057748864251
r1836,-0.03484947967919039
r1837,-0.014321871772191274
r1842,-0.046581565147177775
r1844,-0.055106686644922055
r1846,-0.046212912472904176
r1850,-0.045421389203019885
r1851,-0.03247988346885967
r1852,-0.035884621702296574
r1860,-0.04797887020425763
r1866,-0.05171148131739095
r1867,-0.0196979806617299
r1881,-0.03341149856261388
r1882,-0.039933569636382386
r1890,-0.04201481514425327
r1919,0.02533167351950582
r1920,-0.03434357655467066
r1923,-0.01357038093377821
r1924,0.007037922991365943
r1925,-0.023623274146039083
r1926,-0.015303212053725387
r1929,-0.028680552811139712
r1930,-0.04837891616868895
r1934,-0.02203918836253742
r1935,-0.055006637482986925
r1944,-0.05041788240138796
r1945,-0.030622477889345905
r1946,-0.05940717124543524
r1949,0.013003724965795266
r1950,-0.044878331107167005
r1963,-0.0499417034357132
r1964,-0.06008613211355289
r1965,-0.09225607868586824
r1966,-0.10018702593973171
r1969,-0.06242453643628427
r1970,-0.04374481030774179
r1971,-0.04549304833229095
r1974,-0.049341718403106194
r1975,-0.0439841109953965
r1976,-0.03573249716572083
r1979,-0.061346726318797055
r1980,-0.04291413648755677
r1981,-0.04770907375737554
r1984,0.03689198402979093
r1985,-0.04271921501369114
r1992,-0.10392252100556795
r1993,-0.09064733062367972
r1995,-0.13824989625544573
r1996,-0.06839157316897258
r1997,-0.09915172126931458
r1998,-0.029027122470741608
r1999,-0.056866372077480555
r2000,-0.10606598611187418
r2001,-0.00448679547639389
r2003,-0.053054306248298266
r2004,-0.020164431592581793
r2005,-0.022499476822329344
r2006,-0.095948548597678
r2007,-0.048403072110767095
r2008,0.010007435061757842
r2009,-0.031645358741202945
r2011,-0.08315037233250315
r2012,-0.03244870066967729
r2013,-0.011099226667450706
r2015,-0.018323657504335955
r2016,0.0009946921947398197
r2017,-0.0011255232333799478
r2020,-0.006458252546323053
r2022,-0.022448844329689997
r2023,0.01356387950773987
r2024,-0.0353558108699673
r2040,-0.010215024940391258
r2048,-0.018111321309815923
r2056,-0.002215016600242921
r2064,0.00833480400752814
r2079,-0.0070819863368733575
r2080,0.05503909451067182
r2081,-0.05170509665231473
r2082,-0.07457882665334906
r2083,-0.03135082912393205
r2084,-0.052167982397222486
r2085,-0.06754283684626412
r2086,0.06735277132720584
r2087,0.09266856097807656
r2088,0.11367458266581636
r2089,-0.029627944808787762
r2090,0.06388642202821364
r2091,-0.0219917248943863
r2092,0.07910164998404118
r2093,0.10113075644396015
r2094,-0.04509511212860058
r2095,0.03976161560088675
r2096,0.06655288108286159
r2097,0.02957378792307325
r2098,0.06477516031767755
r2099,0.04213449366983546
r2100,0.05847114410724893
r2101,-0.10422240056357074
r2102,-0.10808820645854603
r2103,-0.07723353240123364
r2104,-0.09153176535144272
r2105,-0.10044582651836785
r2106,-0.10224443876323236
r2107,-0.11266175048584179
r2108,-0.06978045491534503
r2109,-0.09844564549786684
r2110,0.08628430291326733
r2111,0.09698133073679208
r2112,0.06900577815683591
r2113,0.09054824832980574
r2114,0.08574545012778122
r2115,0.09592888357055523
r2116,0.08174513514756958
r2117,-0.01963869513362109
r2118,0.0776033763489653
r2119,0.029844837060862
r2120,0.059436216967527586
r2121,-0.06066700256679135
r2122,-0.018349273490899022
r2123,-0.0791752587124597
r2124,-0.013014944521369788
r2125,0.06450825153381684
r2126,0.08342555250466194
r2127,0.059862859448620395
r2128,0.028529373098987097
r2129,0.06324425451305331
r2130,-0.10151507298202032
r2131,-0.0035375850980906057
r2132,0.035778197745106446
r2133,-0.005914415066307966
r2139,-0.10301625974083184
r2140,-0.10116359021928963
r2141,-0.07808606994714115
r2142,-0.06752224719325946
r2143,-0.023555688910971578
r2144,-0.07339161957356143
r2145,-0.11113287805366852
r2146,-0.10038285514038828
r2147,-0.10505485037258896
r2148,-0.10505485037258896
r2149,-0.10038285514038828
r2150,-0.10038285514038828
r2151,-0.054345798492004965
r2152,-0.05434579849555524
r2153,-0.05434579849469485
r2154,-0.08482332650017851
r2155,-0.08482332650151653
r2156,-0.08482332650125445
r2160,0.014137984886253396
r2161,0.014137984884147995
r2162,0.014137984884663795
r2163,0.047591175848815
r2164,0.0475911758469268
r2165,0.04759117584734239
r2166,0.05791829180103942
r2167,0.05791829179965407
r2168,0.05791829179982107
r2169,-0.008172833712517478
r2170,-0.008172833713459742
r2171,-0.008172833713218159
r2172,-0.07358657223596479
r2173,-0.07358657223687408
r2174,-0.0735865722366452
r2175,0.10038285514476941
r2176,0.10038285513745127
r2177,0.10038285513894415
r2178,0.058275714801936565
r2179,0.05827571479841524
r2180,0.05827571479921804
r2181,0.058275714801936565
r2182,0.05827571479841524
r2183,0.05827571479921804
r2184,0.10038285514476941
r2185,0.10038285513745127
r2186,0.10038285513894415
r2187,0.10038285514476941
r2188,0.10038285513745127
r2189,0.10038285513894415
r2193,0.02647563146160762
r2194,-0.09619368268232302
r2195,-0.09645918992549482
r2196,-0.10082832265665355
r2197,-0.12818284760702683
r2198,0.1119119839897622
r2199,-0.09602087450925033
r2200,-0.10082832265665355
r2201,-0.1168507031616419
r2202,-0.09896758915607855
r2203,0.06214466310002604
r2204,0.06214466309939605
r2205,0.06214466309954922
r2206,-0.07880433196846215
r2207,-0.07880433197142288
r2208,-0.07880433197081943
r2209,-0.07943862094595693
r2210,-0.07943862094892351
r2211,-0.07943862094832038
r2212,-0.03341685350314655
r2213,-0.03341685350952455
r2214,-0.03341685350803073
r2215,-0.12944943148763957
r2216,-0.12944943148783059
r2217,-0.1294494314877881
r2218,-0.12752324459031802
r2219,-0.12752324459383274
r2220,-0.12752324459286393
r2221,0.11451578966983786
r2222,0.11451578966963503
r2223,0.11451578966968529
r2224,-0.10931799396188732
r2225,-0.10931799396442762
r2226,-0.10931799396393806
r2227,-0.08646703908695097
r2228,-0.08646703908897008
r2229,-0.08646703908856557
r2230,-0.07829262454783416
r2231,-0.0782926245508032
r2232,-0.07829262455019767
r2233,0.1238445413661681
r2234,0.1238445413658598
r2235,0.12384454136594729
r2236,-0.03341685350314754
r2237,-0.03341685350952384
r2238,-0.0334168535080302
r2239,-0.03341685350314655
r2240,-0.03341685350952455
r2241,-0.03341685350803073
r2242,0.12508570117421666
r2243,0.12508570117403214
r2244,0.12508570117407508
r2245,-0.033416853503146604
r2246,-0.03341685350952428
r2247,-0.033416853508030656
r2248,-0.11612484970329791
r2249,-0.11612484970346193
r2250,-0.11612484970342256
r2251,-0.12515484018308431
r2252,-0.12515484018339182
r2253,-0.12515484018330605
r2254,-0.08324562173069312
r2255,-0.08324562173137057
r2256,-0.08324562173121734
r2257,0.13025684879427807
r2258,0.13025684879400254
r2259,0.13025684879406568
r2260,0.09687820656523205
r2261,0.09687820656438022
r2262,0.096878206564581
r2263,0.12560657505625147
r2264,0.1256065750551224
r2265,0.12560657505539252
r2266,0.13015147346667327
r2267,0.13015147346639508
r2268,0.1301514734664595
r2269,0.12870083562957157
r2270,0.12870083562894502
r2271,0.12870083562909132
r2272,0.12680126671093483
r2273,0.1268012667103077
r2274,0.12680126671045786
r2275,-0.03341685350314754
r2276,-0.03341685350952384
r2277,-0.0334168535080302
r2278,0.07859436678494416
r2279,0.07859436678276374
r2280,0.07859436678331515
r2281,-0.03341685350314754
r2282,-0.03341685350952384
r2283,-0.0334168535080302
r2284,-0.12979397323464914
r2285,-0.12979397323483896
r2286,-0.1297939732347967
r2287,-0.03341685350314754
r2288,-0.03341685350952384
r2289,-0.0334168535080302
r2290,-0.03341685350314754
r2291,-0.03341685350952384
r2292,-0.0334168535080302
r2293,-0.11436381195444267
r2294,-0.11436381195497533
r2295,-0.11436381195486854
r2296,-0.03341685350314754
r2297,-0.03341685350952384
r2298,-0.0334168535080302
r2299,-0.03341685350314754
r2300,-0.03341685350952384
r2301,-0.0334168535080302
r2302,0.10455167147716413
r2303,0.1045516714760162
r2304,0.10455167147627542
r2305,-0.08026371011578626
r2306,-0.08026371011867446
r2307,-0.08026371011809051
r2308,-0.10082832265665351
r2309,-0.12795607870306955
r2310,-0.11685626732422275
r2311,-0.010249201517444097
r2312,-0.11370567100770368
r2313,-0.12766086533439297
r2314,0.11450548446810573
r2315,-0.10082832265665367
r2316,0.125370580082124
r2317,-0.10082832265665366
r2318,-0.12900918167075376
r2319,0.13132702881852876
r2320,0.06180537936630659
r2321,0.09480310568998893
r2322,0.13097280874368325
r2323,0.12668997736770266
r2324,0.11975775094207998
r2325,-0.10082832265665367
r2326,-0.03929615903758845
r2327,-0.10082832265665367
r2328,-0.12849002747303648
r2329,-0.10082832265665367
r2330,-0.10082832265665367
r2331,-0.11874672013948101
r2332,-0.10082832265665367
r2333,-0.10082832265665367
r2334,0.03368926501109529
r2335,-0.09663150053534095
r2338,0.017161671721748976
r2341,0.11983126120742343
r2342,0.048966543843039015
r2343,0.05622534245567567
r2344,0.07158979808270773
r2346,0.08476065648036463
r2347,0.08476065648036457
r2352,0.08476065648036457
r2353,-0.028667429167871936
r2354,0.1301966483721099
r2355,0.11415960186503814
r2356,0.11903042040847978
r2357,0.12989087482144737
r2358,0.1258520893494834
r2359,0.12292163700748636
r2360,0.08476065648036463
r2361,0.103139409978243
r2362,0.08476065648036463
r2363,-0.12662687493129132
r2364,0.08476065648036463
r2365,0.08476065648036463
r2366,0.08476065648036463
r2367,0.08476065648036463
r2368,0.11144382102900084
r2369,0.07093572847010683
r2371,0.004733483763138605
r2372,0.10569786641612493
r2373,-0.09007441536769838
r2374,-0.019097572440279518
r2375,-0.0193397374623074
r2376,0.05401510005882142
r2377,-0.0982830095387221
r2378,-0.08818947733421528
r2379,-0.09803337787398562
r2380,-0.021065142237010767
r2382,-0.02033195855766102
r2386,-0.07170303201169781
r2395,-0.00491469532587495
r2396,-0.004508344822145044
r2397,-0.005558708389219421
r2398,-0.01028086351881465
r2399,-0.004914695325875029
r2400,-0.004508344822145118
r2401,-0.005558708389219421
r2402,-0.010280863518814626
r2403,-0.0019127703291865036
r2404,-0.001912770329186433
r2405,-0.007150541352541555
r2406,-0.004401127746021433
r2407,-0.004401127746021343
r2408,-0.008655673593429346
r2409,-0.009432536959272214
r2410,0.0003805148028110675
r2411,0.0003805148028110367
r2413,2.729798597398981e-05
r2416,-0.011617543003272742
r2420,-0.0006161073435546024
r2433,-0.09330792143223962
r2436,-0.06656690781782669
r2438,-0.06675857934304194
r2444,-0.10025161642057512
r2449,-0.06204844485644567
r2482,0.033416853503147353
r2483,0.033416853509523635
r2484,0.03341685350803071
r2485,0.07387085736006734
r2486,0.07387085736166145
r2487,0.07387085736118953
r2488,0.11801176155979942
r2489,0.11801176156066832
r2490,0.11801176156049374
r2491,-0.001567000012610819
r2492,-0.0015670000124124264
r2493,-0.0015670000124663253
r2494,0.10943799041323911
r2495,0.10943799041436858
r2496,0.10943799041410211
r2506,-0.07639310053398776
r2507,-0.0786629782728719
r2508,-0.0786629782728719
r2509,-0.0786629782728719
r2514,0.07879668289057981
r2516,-0.08830841123388379
r2520,0.02176740576222109
r2521,-0.07744829734441995
r2525,-0.07754049338672665
r2526,-0.05505495302028385
r2532,-0.09004332045148532
r2534,-0.09321093263960376
r2535,-0.09361108407837605
CITt4_4,-0.07400473971428587
GLYt7_311_r,0.024546278695998642
HCO3_NAt,-0.002107335327781058
INSTt4_2,-0.02603518723144348
PIt8,0.017634250365884757
PIt9,0.0360372943767089
PROt4_2_r,-0.05546983290316771
CYOOm3,0.003619764385766068
C2tcx,-0.08332147367733536
C4tmc,0.06637062595336575
C9BRxtc,-0.02846656613409219
HIVCACBP,-0.010555333921475047
HIVCRNe,-0.010555333921475047
OCD11CRNCACT,0.06656690781782669
OCTDECCACT,-0.05809091789136798
4OHPROIMINOtc,-0.029582987294588456
ALAATB0tc,0.007859390289731514
ARGATB0tc,-0.008597980659413163
ASNATB0tc,-0.01392200841503143
CYSATB0tc,-0.031600408010404174
CYSSNAT5tc,-0.08478674500910546
FOLTle,-0.0871107097946611
GLNATB0tc,-0.00820933396836523
GLYSNAT5tc,-0.08450213628188451
ILEATB0tc,-0.015552093778892828
LEUATB0tc,-0.026988033922293323
LEUPHELAT2tc,-0.03294460877538344
LYSATB0tc,-0.019513155970204234
METATB0tc,-0.0061908467311211045
OCDEAFABP1tc,0.0786629782728719
PHEATB0tc,-0.012347146275840848
PROIMINOtc,-0.060518455983972215
SERATB0tc,-0.006333907631933381
THRATB0tc,-0.014021335844283866
THRPHELAT2tc,-0.05118854876725272
TRPATB0tc,-0.008668586129296742
TYRATB0tc,-0.006592260402393026
VALATB0tc,-0.01830834604315104
VALLAT1tc,-0.013290982728233267
3AIB_Dtm,0.03728100258390338
3HCO3_NAt,-0.02872981362367496
4ABUTtcn,-0.03571212103293596
4HPROLTASCT1,-0.029582987294588456
5MTHFt2le,-0.1057309241803542
ADNt5le,-0.1397957506758918
CHSTEROLtrc,-0.12161167087748169
CRNrtx,-0.0849339608654266
Coqe,-0.095718771028036
DATPtm,-0.03972930506652847
FOLt2le,0.1057309241803542
FRDPtcr,-0.12421813838983949
GLCGLUT2,0.06919361473817752
GLUPROASCT1,-0.10782531370487637
GLYCTDle,0.10581184033488387
GSNt5le,-0.12491895736232962
INSt5le,-0.14635092046840012
KHte,-0.09135037719325825
LACLt,-0.09089744387683019
PPItm,-0.017848423343021527
PRO_Dtde,0.07910164998406417
Q10H2e,-0.09571877102806382
SFCYSe,-0.12808758396024944
TAURCHAe,-0.014147746881782178
THMDt5le,-0.05882320293277808
q10h2tc,-0.09571877102806382
q10tm,-0.095718771028036
34HPPte,0.023585445213538635
3MOBte,0.02305472106847613
3MOPte,0.025900236025626498
4MOPte,0.022510283120150222
5OXPROt,-0.018799639451131236
AICARte,0.06358279133529954
CBASPte,-0.11707496448061713
MAL_Lte,-0.14119703881030513
OROTGLUt,0.0866929355761511
fumt,0.04627110814437954
dcmpt,-0.12233514266644795
HC00342te,0.10015327263702445
glyc3pte,0.02187080792126105
DM_datp_m_,-0.061304639794562195
DM_datp_n_,-0.0665609515412609
sink_citr(c),0.11425880344963689
DM_4abut(n),-0.03571212103293596
DM_taur(c),-0.031681057863657415
sink_5hpet(c),0.1256622288960315
DM_Lcystin,-0.0756997290540506
DM_btn,-0.045907952210164915
EX_4abut(e),-0.04210296558663308
EX_4nph(e),0.07709631623277176
EX_5mthf(e),-0.12473912558079207
EX_abt(e),-0.04680638157214458
EX_ac(e),-0.09056201322211603
EX_acac(e),-0.06754283684626987
EX_acald(e),-0.10713137063282278
EX_ach(e),-0.002600324772010392
EX_ade(e),-0.1393971817922046
EX_adn(e),0.10666033385050772
EX_akg(e),0.060562882146837235
EX_ala_B(e),-0.0043017851402874585
EX_ala_D(e),-0.06002311434738038
EX_ala_L(e),-0.052027751749816525
EX_amp(e),-0.12115262495966311
EX_arg_L(e),-0.017074530037247553
EX_ascb_L(e),0.05742904283429199
EX_asn_L(e),0.052027494927339685
EX_asp_L(e),0.14327504527991644
EX_atp(e),0.052982069135468005
EX_bhb(e),0.005914415066292422
EX_biocyt(e),0.045907952210164936
EX_btn(e),-0.04590795221016501
EX_cgly(e),0.017535726579240272
EX_chol(e),-0.1130811488105384
EX_cit(e),0.10865988947440312
EX_cl(e),-0.03772056675736749
EX_cmp(e),0.06403085544854216
EX_co2(e),0.007925543678977028
EX_creat(e),0.09495684168876312
EX_crn(e),0.0449998712826064
EX_crvnc(e),-0.06479842073645595
EX_cyan(e),0.041685814683029856
EX_cys_L(e),0.08138531167954738
EX_cytd(e),-0.09382120887642936
EX_dad_2(e),-0.052622223760436126
EX_dag_hs(e),-0.14057431749330349
EX_dgchol(e),0.05477663689434892
EX_dgsn(e),0.010213524933712777
EX_dhdascb(e),-0.05742904283429183
EX_din(e),0.04123256278881283
EX_duri(e),-0.10528103178213374
EX_elaid(e),-0.09664612352694299
EX_fol(e),0.11670792763438191
EX_for(e),-0.12161167087878895
EX_fru(e),0.05314242120087316
EX_gal(e),-0.1476713977470591
EX_gchola(e),0.06681742126842785
EX_glc(e),0.02537213497478269
EX_gln_L(e),0.01939976645769139
EX_gluala(e),-0.03200750143556021
EX_glu_L(e),0.1062623824897648
EX_gly(e),0.017062076922555635
EX_glyc(e),0.019753959386030983
EX_gsn(e),0.11550377338222122
EX_gthrd(e),-0.01151976554429755
EX_gua(e),-0.11586693200032254
EX_h(e),0.036661138560572924
EX_h2o(e),0.0003834542940706468
EX_h2o2(e),0.00828474044356615
EX_hco3(e),-0.11740439982333972
EX_hdca(e),0.011371501181536087
EX_hdcea(e),-0.07644166213871358
EX_his_L(e),0.12161167087744491
EX_hxan(e),-0.07787523581328634
EX_idp(e),0.0714586332059425
EX_ile_L(e),0.06450983306195857
EX_inost(e),0.014345608855330434
EX_ins(e),0.1331089991644106
EX_lac_D(e),0.0020731854601410186
EX_lac_L(e),-0.05986285944861986
EX_lcts(e),0.06562882287712953
EX_leuktrA4(e),-0.12566222889603137
EX_leuktrC4(e),-0.1151880299017284
EX_leuktrD4(e),-0.1244286092317958
EX_leuktrE4(e),0.11531147692321009
EX_leuktrF4(e),0.12493735926246465
EX_leu_L(e),0.07951183687543656
EX_lgnc(e),-0.008801522467839615
EX_lnlc(e),-0.024535628073612377
EX_lnlncg(e),0.049989649520648084
EX_lys_L(e),0.09929539865671844
EX_mag_hs(e),-0.11000954438716516
EX_malttr(e),-0.04185049372275412
EX_meoh(e),0.08154951324315683
EX_met_L(e),0.12161167087752786
EX_mthgxl(e),-0.15243855883147706
EX_nh4(e),0.013218058196432915
EX_o2(e),
EX_ocdcea(e),0.05941164168825089
EX_orn(e),0.03758558154975828
EX_pe_hs(e),0.1092425768732111
EX_pglyc_hs(e),0.12161167087748173
EX_phe_L(e),0.13281503161349814
EX_pi(e),-0.0321142967362832
EX_ppa(e),0.05920282843834802
EX_pro_L(e),0.012946898576393437
EX_prostgd2(e),-0.11443224428260955
EX_prostge1(e),0.1311602939645359
EX_prostge2(e),0.13077510778350757
EX_prostgf2(e),0.11443224428260954
EX_ps_hs(e),0.13541116443945098
EX_pyr(e),-0.06477516031747078
EX_Rtotal(e),-0.10699345489246082
EX_ser_L(e),-0.06451633424664262
EX_so4(e),0.12688122337517524
EX_succ(e),0.06370065030926542
EX_taur(e),-0.04207612839848484
EX_tchola(e),-0.04518253192385462
EX_tcynt(e),-0.036609711634738674
EX_tdchola(e),-0.05477663689434604
EX_thf(e),-0.05056200031728713
EX_thr_L(e),0.12161167087744361
EX_thym(e),-0.07481298678428179
EX_thymd(e),0.04404062878557886
EX_tmndnc(e),0.0539185624500442
EX_trp_L(e),0.12161167087716271
EX_tsul(e),0.05209647484405029
EX_ttdca(e),0.04939886441637587
EX_tyr_L(e),0.06263834450668829
EX_ura(e),-0.1537125352843166
EX_urate(e),-0.003206011680991687
EX_urea(e),0.01818344901529941
EX_uri(e),0.08248067557548631
EX_utp(e),
EX_vacc(e),-0.09664612351908615
EX_val_L(e),0.06390545054134952
EX_xylt(e),0.026548288668712238
EX_ahdt(e),-0.053731054179143097
EX_ctp(e),-0.06403085544854215
EX_dgmp(e),0.0036249449052201533
EX_dgtp(e),-0.0036249449052201533
EX_dha(e),0.07709631623277176
EX_dhap(e),-0.07709631623277176
EX_dtmp(e),0.06403085544854219
EX_dttp(e),-0.06403085544854216
EX_fald(e),-0.08154951324315675
EX_HC00229(e),0.05586575010921972
EX_HC00250(e),0.1282901118793162
EX_HC01104(e),-0.07709631623277176
EX_HC01361(e),0.053731054179143097
EX_HC01440(e),-0.041850493722754074
EX_HC01441(e),-0.07305082890396267
EX_HC01444(e),-0.13492884364144087
EX_HC01446(e),0.041850493722754074
EX_HC01577(e),0.10098971956014421
EX_HC01609(e),-0.06728611991339324
EX_HC01610(e),0.06728611991339324
EX_HC01700(e),0.11604639906684927
EX_HC02160(e),0.13193165845558982
EX_HC02161(e),-0.13193165845558982
EX_itp(e),-0.0714586332059425
EX_orot(e),0.004691611702683166
EX_prpp(e),0.13056910517324466
EX_no2(e),-0.01570302150003859
EX_so3(e),-0.03649870961411442
EX_prostgh2(e),-0.11443224428260955
EX_ppi(e),-0.07308211504805177
EX_HC00955(e),-0.10923720119032593
EX_citr_L(e),-0.11425880344925783
EX_HC02192(e),-0.03283772779049346
EX_CE5560(e),0.0691630897445564
EX_ddca(e),0.10025161642057512
EX_HC02191(e),-0.0374643491985196
EX_HC02202(e),-0.1311602939645358
EX_HC02203(e),-0.10414787274393394
EX_HC02204(e),-0.13116029396453588
EX_HC02205(e),-0.1309774346024143
EX_HC02206(e),-0.13116029396453585
EX_HC02207(e),-0.12817358640851917
EX_CE2011(e),0.015965187139746873
EX_maltttr(e),-0.04185049372275408
EX_malthx(e),0.041850493722754054
EX_malthp(e),0.041850493722754054
EX_CE2839(e),0.041850493722754074
EX_CE2838(e),-0.041850493722754074
EX_CE1950(e),0.03649870961411442
EX_cynt(e),-0.03649870961411442
EX_23cump(e),0.012923250503946885
EX_3ump(e),-0.012923250503946885
EX_CE5797(e),0.047372233449000906
EX_CE5798(e),-0.047372233449000906
EX_CE4633(e),0.04081914003054416
EX_CE4881(e),0.01570302150003859
EX_CE0074(e),0.018183449015299415
EX_3ivcrn_,-0.010555333921475047
EX_bglc(e),0.0868077306821049
EX_gum(e),0.0868077306821049
EX_psyl(e),0.0868077306821049
EX_sfcys(e),-0.12808758396024944
EX_dpcoa(e),0.07210773433250023
EX_pan4p(e),-0.07210773433250023
EX_q10(e),0.095718771028036
EX_q10h2(e),-0.09571877102806382
EX_34hpp_,-0.023585445213538635
EX_3mob(e),-0.02305472106847613
EX_3mop(e),-0.025900236025626498
EX_4mop(e),-0.022510283120150222
EX_5oxpro(e),0.018799639451131236
EX_aicar(e),-0.06358279133529954
EX_cbasp(e),0.11707496448061713
EX_mal_L(e),0.14119703881030513
EX_fum(e),-0.04627110814437954
EX_dcmp(e),0.12233514266644795
EX_HC00342(e),-0.10015327263702445
EX_glyc3p(e),-0.02187080792126105
biomass_reaction,-0.12161167087748168
biomass_protein,-0.1216116708774816
biomass_DNA,-0.1216116708774817
biomass_RNA,-0.1216116708774817
biomass_carbohydrate,-0.12161167087748162
biomass_lipid,-0.12161167087748169
biomass_other,-0.12161167087748179
ACSMCT1,0.05444292298425123
ADNCNT3tc,-0.07254258599669663
ALAB0AT3tc,-0.02116495725813746
ALAPAT4te,-0.08345440777290444
ARGB0AT3tc,-0.02087661871448338
ASNB0AT3tc,-0.044915640851138756
BETBGTtc,0.006330612638081304
BUTSMCT1,0.02199172489436057
CLCFTRte,-0.03805953974503302
CRNATBtc,-0.029712451129816093
CYSB0AT3tc,-0.03327414220070576
CYSSNAT4te,-0.06188275365728651
CYTDt2r,0.09889409166271884
DOPAENT4tc,0.07996743314645188
FOLOAT1tc,-0.09741934345814096
FOLOAT2tc,-0.08043156476806508
FOLOATPtc,-0.09506491601857829
GABABGTtc,0.023147846974375868
GLNB0AT3tc,-0.027982359578028974
GLUB0AT3tc,-0.11966560999126313
GLYB0AT3tc,-0.06822982953331605
GSNt2r,-0.09029687380956798
H2OGLYAQPt,-0.07728743276171647
ILEB0AT2tc,-0.08123870832300797
ILEB0AT3tc,-0.05422318236516465
INSt2,-0.11064145980500689
LEUB0AT2tc,-0.09525775122913258
LEUB0AT3tc,-0.0574982287061514
LGNCFATtc,0.005799791410272093
METB0AT2tc,-0.08690711067711845
METB0AT3tc,-0.032631690694231004
PHEB0AT3tc,-0.04044286768382925
PPASMCT1,0.018985701979084283
PROB0AT2tc,-0.1197950197809624
PROPAT4te,-0.09764299861220602
PYRSMCT1,0.03609639740215052
SERB0AT3tc,0.02574958333888286
SRTNENT4tc,0.07260060463568407
THMDt2r,-0.0076328713258446606
TRPB0AT3tc,-0.031155054393104925
TYRB0AT3tc,-0.03718665400534665
URIt2r,-0.05613924720491917
VALB0AT2tc,-0.0965034290646082
VALB0AT3tc,-0.044613734277908955
1331TAALThr,-0.09920577529498847
1331TACRhr,-0.09920577529499072
1331TACRtev,-0.0992057752949896
13DMThr,-0.0992057752949888
13DMTtep,0.09920577529498972
1513DTALThr,-0.09920577529498854
1513DTACRhr,-0.09920577529498997
1513TACRtep,-0.09920577529498924
1531TACRhr,-0.0992057752949918
1531TACRtev,-0.09920577529498975
1531TALThr,-0.09920577529498785
15DMThr,-0.09920577529499014
15DMTtep,0.0992057752949901
2HATVACIDtep,0.04043670322082205
2HATVACIDthc,0.04043670322082205
2HATVLACtep,0.04043670322082205
2HATVLACthc,0.04043670322082205
31DMThr,-0.09920577529498964
31DMTtep,0.0992057752949884
35DHPVStep,0.04043670322082205
35DHPVSthc,0.04043670322082205
3HPVStep,0.04043670322082205
3HPVSthc,0.04043670322082205
3ISPVStep,0.04043670322082205
3ISPVSthc,0.04043670322082205
4HATVACIDtep,0.04043670322082205
4HATVACIDthc,0.04043670322082205
4HATVLACtep,0.04043670322082205
4HATVLACthc,0.04043670322082205
6EPVStep,0.04043670322082205
6EPVSthc,0.04043670322082205
AM1ALCShr,-0.0997313863942562
AM1ALCStep,-0.0997313863942562
AM1CSAtep,0.0997313863942562
AM4N9CShc,-0.08717703120073048
AM4N9CStev,-0.08717703120073048
AM4NCShr,-0.08717703120073048
AM4NCStep,-0.08717703120073048
AM9CSAtep,0.08717703120073048
ATVACIDMCTtu,0.08213781470813748
ATVACIDOATPtu,-0.08125030671030309
ATVACIDtdu,-0.07303870682665761
ATVLACThc,0.04043670322082205
ATVLACtdhc,-0.04043670322082205
CRVStu,-0.04043670322082205
CRVSthc,0.04043670322082205
CSAtd,-0.08717703120073048
DEOXFVShc,-0.11709418198562171
DEOXFVStev,-0.11709418198562171
DHGLZhc,-0.0997313863942562
DHGLZtev,-0.0997313863942562
EX_1331tacr(e),-0.0992057752949896
EX_13dmt(e),0.09920577529498972
EX_1513tacr(e),-0.09920577529498924
EX_1531tacr(e),-0.09920577529498975
EX_15dmt(e),0.0992057752949901
EX_31dmt(e),0.0992057752949884
EX_am1alcs(e),-0.0997313863942562
EX_am1csa(e),0.0997313863942562
EX_am4n9cs(e),-0.08717703120073048
EX_am4ncs(e),-0.08717703120073048
EX_am9csa(e),0.08717703120073048
EX_csa(e),0.08717703120073048
EX_deoxfvs(e),-0.11709418198562171
EX_dhglz(e),-0.0997313863942562
EX_fvs(e),0.11709418198562169
EX_glz(e),0.0997313863942562
EX_tacr(e),0.09920577529498957
FVStep,0.11480502684624824
FVStu,-0.1192798802530224
GLZtd,-0.0997313863942562
LST4EXPTDhc,0.038113554138631794
LST4EXPthc,-0.038002660362512604
LSTNM7TDhc,0.03805953974503303
LSTNM7thc,-0.03805953974503303
LSTNRATt,-0.03800266036251286
LSTNtd,0.03811355413863168
OXYPthc,-0.07910164998406417
OXYPtepv,-0.07910164998406417
PTVSTtep,0.04043670322082205
PTVSTtu,0.04043670322082205
PVSHtu,0.08209385883597596
PVSOATPtu,-0.0813616232541767
PVStep,0.07310298713983508
RSVtev,0.04043670322083011
RSVtu,0.04043670322083011
SMVtv,-0.04043670322082205
SMVthep,0.04043670322082205
TACRDtsc,-0.09920577529498957
TMDOATPtsc,0.03157717149295704
TMDOATtev,0.06287507968486482
TMDOATthc,0.03705215785234158
TMDtd,-0.013580891723724427
13HTACRitr,-0.0992057752949896
1513TACRitr,-0.09920577529498924
1531TACRitr,-0.09920577529498975
DEOXFVSitx,0.11709418198562171
FVSitx,-0.11709418198562171
TACRitr,-0.09920577529498957
13DMTitr,0.09920577529498972
15DMTitr,0.0992057752949901
31DMTitr,0.0992057752949884
Patient's Vital Status,0.0976680982320685
Overall Survival (Months),1.0
